ANEKY,二联 180,
CND,二联 180,
DBL,二联 177,
DBL,二联177新, 18001
DBL,三联177新, 18002
DBL,一联130,130
DBLKY,三联 180,
DNWL,一联 150,
DYJ,一联 130,
EST365,一联 120,
EMS,二联 150,
EMS,二联180,180
EMS,一联 130,130
EMS,二联 150 新,1501
EMS,二联 180 新,1801
EMS,一联 130 新, 1301
FWX,一联 130,
FWX,二联 150,150
HTKY,二联 180,
HTKY,二联180新,180
HTKY,一联 130,130
HTKY,一联130新,1301
HTKYKY,二联 180,
CNEX,一联 100,
JD,二联 110,
JD,二联110新,110
JD,一联 130 新,130
JD,二联 110 隐私,1101
JD,一联 130 隐私,1301
JDKY,二联 110,
JTSD,一联130,130
JTSD,二联 180,
KYSY,二联 137,
KYSY,三联210,210
LB,三联 104,
LHT,二联 150,
PJ,一联 120,
UAPEX,二联 150,
SF,二联150新,15001
SF,二联180新,180
SF,三联210新,210
SF,一联 130,130
STO,二联150,150
STO,二联180新,180
STO,三联180新,18003
STO,一联130,130
STO,一联 130 新,1301
SURE,二联 150,
SURE,二联150新,150
SUER,二联180新,180
SX,一联 105,
SNWL,二联 180,
TLWL,一联 70,
HOAU,二联 180,
XFEX,二联 150,
YD,二联180,180
YD,一联130,130
YD,二联 203,
YDKY,二联 180,
YTO,二联 180,
YTO,三联180,180
YTO,二联180新,18001
YTO,一联130,130
YTO,一联 130 新,1301
YZBK,二联 150
YZBK,一联 130,
YZPY,二联 180,
YZPY,二联180新,180
YZPY,一联 130,130
UC,二联 180,
YCWL,二联 180,
YMDD,二联 180,
ZJS,二联 120,
ZJS,二联180,180
ZJS,二联120新,120
ZTO,二联 180,
ZTO,二联180新,180
ZTO,一联130,130
ZTO,一联 1301 尊享,1301
ZTO,二联 180 隐私,1801
ZTO,一联 130 隐私,1302
ZTOKY,二联 180,
ZYE,一联 130,
BETWL,一联 90
